{"cameraMode":{"drawMode":0,"name":"Shaded","section":"Shading Mode"},"sceneLighting":false,"audioPlay":false,"sceneViewState":{"m_AlwaysRefresh":false,"showFog":true,"showSkybox":false,"showFlares":true,"showImageEffects":true,"showParticleSystems":true,"showVisualEffectGraphs":true,"m_FxEnabled":true},"in2DMode":false,"pivot":{"x":61.315101623535159,"y":6.237484455108643,"z":48.770511627197269},"rotation":{"x":0.524376630783081,"y":-0.006386039778590202,"z":0.003932886756956577,"w":0.851453959941864},"size":1.1846057176589966,"orthographic":false}