{"cameraMode":{"drawMode":0,"name":"Shaded","section":"Shading Mode"},"sceneLighting":true,"audioPlay":false,"sceneViewState":{"m_AlwaysRefresh":false,"showFog":true,"showSkybox":true,"showFlares":true,"showImageEffects":true,"showParticleSystems":true,"showVisualEffectGraphs":true,"m_FxEnabled":true},"in2DMode":false,"pivot":{"x":32.04301071166992,"y":37.143394470214847,"z":30.971860885620118},"rotation":{"x":0.6789968609809876,"y":-0.00220233341678977,"z":0.0020371144637465479,"w":0.7341367602348328},"size":42.62577819824219,"orthographic":false}